threshold,precision,recall,f1,predicted_failures,true_positives,false_positives,true_negatives,false_negatives
0.01,0.034,1.0,0.06576402321083172,2000,68,1932,0,0
0.02,0.034,1.0,0.06576402321083172,2000,68,1932,0,0
0.03,0.034,1.0,0.06576402321083172,2000,68,1932,0,0
0.04,0.034,1.0,0.06576402321083172,2000,68,1932,0,0
0.05,0.03405107661492238,1.0,0.0658595641646489,1997,68,1929,3,0
0.060000000000000005,0.035233160621761656,1.0,0.06806806806806806,1930,68,1862,70,0
0.06999999999999999,0.041212121212121214,1.0,0.07916181606519208,1650,68,1582,350,0
0.08,0.04981412639405204,0.9852941176470589,0.09483368719037508,1345,67,1278,654,1
0.09,0.06036036036036036,0.9852941176470589,0.11375212224108658,1110,67,1043,889,1
0.09999999999999999,0.06680161943319839,0.9705882352941176,0.12500000000000003,988,66,922,1010,2
0.11,0.07728894173602854,0.9558823529411765,0.14301430143014301,841,65,776,1156,3
0.12,0.09015256588072122,0.9558823529411765,0.164765525982256,721,65,656,1276,3
0.13,0.10252365930599369,0.9558823529411765,0.1851851851851852,634,65,569,1363,3
0.14,0.1097972972972973,0.9558823529411765,0.19696969696969696,592,65,527,1405,3
0.15000000000000002,0.11818181818181818,0.9558823529411765,0.21035598705501618,550,65,485,1447,3
0.16,0.12333965844402277,0.9558823529411765,0.2184873949579832,527,65,462,1470,3
0.17,0.1264591439688716,0.9558823529411765,0.2233676975945017,514,65,449,1483,3
0.18000000000000002,0.1326530612244898,0.9558823529411765,0.23297491039426527,490,65,425,1507,3
0.19,0.13541666666666666,0.9558823529411765,0.23722627737226273,480,65,415,1517,3
0.2,0.13859275053304904,0.9558823529411765,0.24208566108007448,469,65,404,1528,3
0.21000000000000002,0.14161220043572983,0.9558823529411765,0.24667931688804554,459,65,394,1538,3
0.22,0.14541387024608501,0.9558823529411765,0.25242718446601936,447,65,382,1550,3
0.23,0.1511627906976744,0.9558823529411765,0.26104417670682734,430,65,365,1567,3
0.24000000000000002,0.1570048309178744,0.9558823529411765,0.26970954356846477,414,65,349,1583,3
0.25,0.1649746192893401,0.9558823529411765,0.2813852813852814,394,65,329,1603,3
0.26,0.17195767195767195,0.9558823529411765,0.29147982062780264,378,65,313,1619,3
0.27,0.1780821917808219,0.9558823529411765,0.3002309468822171,365,65,300,1632,3
0.28,0.18361581920903955,0.9558823529411765,0.3080568720379147,354,65,289,1643,3
0.29000000000000004,0.18840579710144928,0.9558823529411765,0.3147699757869249,345,65,280,1652,3
0.3,0.19402985074626866,0.9558823529411765,0.3225806451612903,335,65,270,1662,3
0.31,0.20186335403726707,0.9558823529411765,0.33333333333333337,322,65,257,1675,3
0.32,0.20253164556962025,0.9411764705882353,0.33333333333333337,316,64,252,1680,4
0.33,0.2098360655737705,0.9411764705882353,0.34316353887399464,305,64,241,1691,4
0.34,0.21621621621621623,0.9411764705882353,0.3516483516483517,296,64,232,1700,4
0.35000000000000003,0.21993127147766323,0.9411764705882353,0.3565459610027855,291,64,227,1705,4
0.36000000000000004,0.22535211267605634,0.9411764705882353,0.36363636363636365,284,64,220,1712,4
0.37,0.22826086956521738,0.9264705882352942,0.3662790697674419,276,63,213,1719,5
0.38,0.23220973782771537,0.9117647058823529,0.3701492537313433,267,62,205,1727,6
0.39,0.2366412213740458,0.9117647058823529,0.3757575757575758,262,62,200,1732,6
0.4,0.24124513618677043,0.9117647058823529,0.38153846153846155,257,62,195,1737,6
0.41000000000000003,0.2421875,0.9117647058823529,0.3827160493827161,256,62,194,1738,6
0.42000000000000004,0.2450592885375494,0.9117647058823529,0.3862928348909657,253,62,191,1741,6
0.43,0.2530612244897959,0.9117647058823529,0.3961661341853035,245,62,183,1749,6
0.44,0.2605042016806723,0.9117647058823529,0.40522875816993464,238,62,176,1756,6
0.45,0.2672413793103448,0.9117647058823529,0.4133333333333333,232,62,170,1762,6
0.46,0.27927927927927926,0.9117647058823529,0.42758620689655175,222,62,160,1772,6
0.47000000000000003,0.2857142857142857,0.9117647058823529,0.4350877192982456,217,62,155,1777,6
0.48000000000000004,0.30097087378640774,0.9117647058823529,0.45255474452554745,206,62,144,1788,6
0.49,0.31443298969072164,0.8970588235294118,0.465648854961832,194,61,133,1799,7
0.5,0.33152173913043476,0.8970588235294118,0.48412698412698413,184,61,123,1809,7
0.51,0.3567251461988304,0.8970588235294118,0.5104602510460251,171,61,110,1822,7
0.52,0.37037037037037035,0.8823529411764706,0.5217391304347826,162,60,102,1830,8
0.53,0.3959731543624161,0.8676470588235294,0.543778801843318,149,59,90,1842,9
0.54,0.4172661870503597,0.8529411764705882,0.5603864734299517,139,58,81,1851,10
0.55,0.4666666666666667,0.8235294117647058,0.5957446808510638,120,56,64,1868,12
0.56,0.4827586206896552,0.8235294117647058,0.608695652173913,116,56,60,1872,12
0.5700000000000001,0.5045045045045045,0.8235294117647058,0.6256983240223463,111,56,55,1877,12
0.5800000000000001,0.509090909090909,0.8235294117647058,0.6292134831460674,110,56,54,1878,12
0.59,0.509090909090909,0.8235294117647058,0.6292134831460674,110,56,54,1878,12
0.6,0.5192307692307693,0.7941176470588235,0.627906976744186,104,54,50,1882,14
0.61,0.5196078431372549,0.7794117647058824,0.6235294117647059,102,53,49,1883,15
0.62,0.5148514851485149,0.7647058823529411,0.6153846153846153,101,52,49,1883,16
0.63,0.5306122448979592,0.7647058823529411,0.6265060240963856,98,52,46,1886,16
0.64,0.53125,0.75,0.6219512195121951,96,51,45,1887,17
0.65,0.5555555555555556,0.7352941176470589,0.6329113924050633,90,50,40,1892,18
0.66,0.5617977528089888,0.7352941176470589,0.6369426751592357,89,50,39,1893,18
0.67,0.5617977528089888,0.7352941176470589,0.6369426751592357,89,50,39,1893,18
0.68,0.5581395348837209,0.7058823529411765,0.6233766233766234,86,48,38,1894,20
0.6900000000000001,0.5647058823529412,0.7058823529411765,0.6274509803921569,85,48,37,1895,20
0.7000000000000001,0.5647058823529412,0.7058823529411765,0.6274509803921569,85,48,37,1895,20
0.7100000000000001,0.5714285714285714,0.7058823529411765,0.6315789473684211,84,48,36,1896,20
0.72,0.573170731707317,0.6911764705882353,0.6266666666666667,82,47,35,1897,21
0.73,0.575,0.6764705882352942,0.6216216216216216,80,46,34,1898,22
0.74,0.5844155844155844,0.6617647058823529,0.6206896551724138,77,45,32,1900,23
0.75,0.6,0.6176470588235294,0.608695652173913,70,42,28,1904,26
0.76,0.5909090909090909,0.5735294117647058,0.5820895522388059,66,39,27,1905,29
0.77,0.5967741935483871,0.5441176470588235,0.5692307692307692,62,37,25,1907,31
0.78,0.5789473684210527,0.4852941176470588,0.528,57,33,24,1908,35
0.79,0.5660377358490566,0.4411764705882353,0.4958677685950413,53,30,23,1909,38
0.8,0.6,0.4411764705882353,0.5084745762711865,50,30,20,1912,38
0.81,0.5833333333333334,0.4117647058823529,0.4827586206896552,48,28,20,1912,40
0.8200000000000001,0.6136363636363636,0.39705882352941174,0.48214285714285715,44,27,17,1915,41
0.8300000000000001,0.6097560975609756,0.36764705882352944,0.45871559633027525,41,25,16,1916,43
0.8400000000000001,0.5833333333333334,0.3088235294117647,0.40384615384615385,36,21,15,1917,47
0.85,0.6896551724137931,0.29411764705882354,0.41237113402061853,29,20,9,1923,48
0.86,0.6666666666666666,0.2647058823529412,0.3789473684210526,27,18,9,1923,50
0.87,0.6363636363636364,0.20588235294117646,0.3111111111111111,22,14,8,1924,54
0.88,0.7058823529411765,0.17647058823529413,0.2823529411764706,17,12,5,1927,56
0.89,0.8,0.11764705882352941,0.20512820512820512,10,8,2,1930,60
0.9,0.875,0.10294117647058823,0.1842105263157895,8,7,1,1931,61
0.91,1.0,0.07352941176470588,0.13698630136986303,5,5,0,1932,63
0.92,1.0,0.014705882352941176,0.028985507246376812,1,1,0,1932,67
0.93,1.0,0.014705882352941176,0.028985507246376812,1,1,0,1932,67
0.9400000000000001,0.0,0.0,0.0,0,0,0,1932,68
0.9500000000000001,0.0,0.0,0.0,0,0,0,1932,68
0.9600000000000001,0.0,0.0,0.0,0,0,0,1932,68
0.97,0.0,0.0,0.0,0,0,0,1932,68
0.98,0.0,0.0,0.0,0,0,0,1932,68
0.99,0.0,0.0,0.0,0,0,0,1932,68
